{
  "table":{
    "rows":800,
    "columns":4
  },
  "columns":{
    "Integer":"Prop1",
    "Float":"Prop2",
    "String":"Prop3",
    "Boolean":"Prop4"
  },
  "Prop1":{
    "type":"Int",
    "range":[1,5],
    "distribution":"uniform",
    "n":600,
    "exec":10
  },
  "Prop2":{
    "type":"Float",
    "mean":5,
    "stddev":0.5,
    "distribution":"normal",
    "n":700,
    "exec":10
  },
  "Prop3":{
    "type":"String",
    "matching_regex":["aa[a-z]+"],
    "limit":4,
    "k":4,
    "n":798,
    "exec":10
  },
  "Prop4":{
    "type":"Boolean",
    "n":500,
    "n_true":400,
    "exec":10
  }
}